"Date","Value"
"12/31/1914",1744.7
"01/30/1915",1805.7
"02/27/1915",1774.73
"03/31/1915",1981.96
"04/30/1915",2315.34
"05/29/1915",2076.21
"06/30/1915",2237.49
"07/31/1915",2412.18
"08/31/1915",2593.26
"09/30/1915",2892.83
"10/30/1915",3015
"11/30/1915",3028.63
"12/31/1915",3105.04
"01/31/1916",2809.38
"02/29/1916",2823.34
"03/31/1916",2864.65
"04/29/1916",2728.07
"05/31/1916",2767.39
"06/30/1916",2675.46
"07/31/1916",2665.61
"08/31/1916",2729.93
"09/30/1916",3014.35
"10/31/1916",2986.12
"11/29/1916",2972.33
"12/30/1916",2641.66
"01/31/1917",2630.94
"02/28/1917",2461.14
"03/31/1917",2599.84
"04/30/1917",2386.7
"05/31/1917",2453.98
"06/30/1917",2366.61
"07/31/1917",2312.11
"08/31/1917",2069.35
"09/29/1917",2024.13
"10/31/1917",1780.06
"11/30/1917",1735.86
"12/31/1917",1751.25
"01/31/1918",1838.6
"02/28/1918",1839.06
"03/30/1918",1760.49
"04/30/1918",1760.68
"05/31/1918",1736.94
"06/29/1918",1812.05
"07/31/1918",1735.21
"08/31/1918",1727.17
"09/30/1918",1739.77
"10/31/1918",1723.89
"11/30/1918",1601.53
"12/31/1918",1606.94
"01/31/1919",1575.86
"02/28/1919",1688.67
"03/31/1919",1747.53
"04/30/1919",1793.98
"05/29/1919",2013.62
"06/30/1919",2041.87
"07/31/1919",1986.53
"08/29/1919",1908.94
"09/30/1919",2019.09
"10/31/1919",2119.28
"11/29/1919",1808.43
"12/31/1919",1830.06
"01/31/1920",1741.66
"02/28/1920",1508.26
"03/31/1920",1683.38
"04/30/1920",1486.32
"05/29/1920",1437.59
"06/30/1920",1400.75
"07/31/1920",1346.85
"08/31/1920",1369.06
"09/30/1920",1337.82
"10/30/1920",1379.07
"11/30/1920",1238.76
"12/31/1920",1196.3
"01/31/1921",1292.45
"02/28/1921",1314.44
"03/31/1921",1335.37
"04/30/1921",1400.2
"05/31/1921",1338.35
"06/30/1921",1254.51
"07/30/1921",1245.96
"08/31/1921",1223
"09/30/1921",1310.15
"10/31/1921",1349.41
"11/30/1921",1432.99
"12/31/1921",1506.53
"01/31/1922",1551.73
"02/28/1922",1631.13
"03/31/1922",1720
"04/29/1922",1775.63
"05/31/1922",1854.82
"06/30/1922",1794.95
"07/31/1922",1863.37
"08/31/1922",1958.3
"09/30/1922",1887.18
"10/31/1922",1856.37
"11/29/1922",1817.29
"12/30/1922",1873.72
"01/31/1923",1870.66
"02/28/1923",1994.89
"03/31/1923",1973.19
"04/30/1923",1877.72
"05/31/1923",1861.5
"06/30/1923",1677.32
"07/31/1923",1629.87
"08/31/1923",1762.96
"09/29/1923",1649.75
"10/31/1923",1650.65
"11/30/1923",1721.69
"12/31/1923",1780.98
"01/31/1924",1876.82
"02/29/1924",1832.03
"03/31/1924",1740.7
"04/30/1924",1719.63
"05/31/1924",1705.78
"06/30/1924",1828.54
"07/31/1924",1926.69
"08/30/1924",1975.97
"09/30/1924",1945.93
"10/31/1924",1951.49
"11/29/1924",2083.52
"12/31/1924",2246.93
"01/31/1925",2302.49
"02/28/1925",2292.43
"03/31/1925",2176.82
"04/30/1925",2250.61
"05/29/1925",2422.94
"06/30/1925",2414.78
"07/31/1925",2438.52
"08/31/1925",2572.83
"09/30/1925",2614.38
"10/31/1925",2836.53
"11/30/1925",2707.36
"12/31/1925",2722.49
"01/30/1926",2835.47
"02/27/1926",2787.36
"03/31/1926",2545.33
"04/30/1926",2589.68
"05/28/1926",2599.15
"06/30/1926",2788.97
"07/31/1926",2952.45
"08/31/1926",3012.61
"09/30/1926",2915.77
"10/30/1926",2763.03
"11/30/1926",2852.93
"12/31/1926",2864.78
"01/31/1927",2882.96
"02/28/1927",3002.41
"03/31/1927",2984.71
"04/30/1927",3069.74
"05/31/1927",3206.33
"06/30/1927",3046.55
"07/30/1927",3382.23
"08/31/1927",3559.24
"09/30/1927",3684.09
"10/31/1927",3368.91
"11/30/1927",3695.65
"12/31/1927",3742.08
"01/31/1928",3702.74
"02/29/1928",3674.18
"03/31/1928",4045.22
"04/30/1928",3992.02
"05/31/1928",4122.22
"06/30/1928",3968.25
"07/31/1928",4074.45
"08/31/1928",4534.91
"09/29/1928",4425.98
"10/31/1928",4728.89
"11/30/1928",5501.92
"12/31/1928",5658.96
"01/31/1929",5989.26
"02/28/1929",5987.37
"03/28/1929",5860.17
"04/30/1929",6094.11
"05/31/1929",5643.11
"06/29/1929",6296.35
"07/31/1929",6482.92
"08/30/1929",7091.31
"09/30/1929",6403.67
"10/31/1929",5099.63
"11/27/1929",4455.26
"12/31/1929",4659.88
"01/31/1930",5039.12
"02/28/1930",5144.09
"03/31/1930",5460.63
"04/30/1930",5298.16
"05/29/1930",5250.11
"06/30/1930",4345.74
"07/31/1930",4546.75
"08/29/1930",4700.01
"09/30/1930",3981.49
"10/31/1930",3584.34
"11/29/1930",3606.98
"12/31/1930",3297.33
"01/31/1931",3399.06
"02/28/1931",3896.62
"03/31/1931",3563.89
"04/30/1931",3146.32
"05/29/1931",2708.25
"06/30/1931",3208.09
"07/31/1931",2892.15
"08/31/1931",2978.03
"09/30/1931",2077.51
"10/31/1931",2282.39
"11/30/1931",2059.78
"12/31/1931",1721.06
"01/30/1932",1718.6
"02/29/1932",1863.08
"03/31/1932",1688.38
"04/30/1932",1302.08
"05/31/1932",1053.39
"06/30/1932",1016.07
"07/30/1932",1286.92
"08/31/1932",1748.04
"09/30/1932",1722.57
"10/31/1932",1501.24
"11/30/1932",1376.99
"12/31/1932",1475.66
"01/31/1933",1522.79
"02/28/1933",1305.23
"03/31/1933",1418.24
"04/29/1933",1988.1
"05/31/1933",2255.62
"06/30/1933",2492.61
"07/31/1933",2235.03
"08/31/1933",2502.54
"09/30/1933",2317.06
"10/31/1933",2154.32
"11/29/1933",2398.19
"12/30/1933",2441.2
"01/31/1934",2620.08
"02/28/1934",2509.19
"03/31/1934",2470.14
"04/30/1934",2437.15
"05/31/1934",2279.75
"06/30/1934",2304.14
"07/31/1934",2119.51
"08/31/1934",2235.3
"09/29/1934",2196.97
"10/31/1934",2230.69
"11/30/1934",2459.59
"12/31/1934",2504.42
"01/31/1935",2411.86
"02/28/1935",2410.5
"03/30/1935",2373.53
"04/30/1935",2558.28
"05/31/1935",2586.1
"06/29/1935",2783.21
"07/31/1935",2972.03
"08/31/1935",3011.12
"09/30/1935",3106
"10/31/1935",3290.12
"11/30/1935",3327.29
"12/31/1935",3368.89
"01/31/1936",3494.18
"02/29/1936",3556.35
"03/31/1936",3680.96
"04/30/1936",3429.74
"05/29/1936",3593.85
"06/30/1936",3685.84
"07/31/1936",3825.71
"08/31/1936",3831.33
"09/30/1936",3866.58
"10/31/1936",4082.47
"11/30/1936",4221.4
"12/31/1936",4144.91
"01/30/1937",4249.11
"02/27/1937",4284.8
"03/31/1937",4234.41
"04/30/1937",3930.96
"05/28/1937",3913.52
"06/30/1937",3792.78
"07/31/1937",4129
"08/31/1937",3946.59
"09/30/1937",3414.95
"10/30/1937",3052.62
"11/30/1937",2746.88
"12/31/1937",2707.05
"01/31/1938",2768.35
"02/28/1938",2965.73
"03/31/1938",2263.65
"04/30/1938",2527.79
"05/31/1938",2464.73
"06/30/1938",3062.73
"07/30/1938",3231.33
"08/31/1938",3186.03
"09/30/1938",3235.9
"10/31/1938",3495.87
"11/30/1938",3451.86
"12/31/1938",3565.68
"01/31/1939",3312.24
"02/28/1939",3418.22
"03/31/1939",3059.46
"04/29/1939",3002.39
"05/31/1939",3229.82
"06/30/1939",3053.34
"07/31/1939",3348.56
"08/31/1939",3141.7
"09/30/1939",3489.61
"10/31/1939",3499.33
"11/30/1939",3356.71
"12/30/1939",3461.54
"01/31/1940",3372.5
"02/29/1940",3376.29
"03/30/1940",3408.78
"04/30/1940",3419.84
"05/31/1940",2677.72
"06/29/1940",2787.98
"07/31/1940",2906.27
"08/31/1940",2981.85
"09/30/1940",3056.04
"10/31/1940",3101.42
"11/30/1940",3018.25
"12/31/1940",2999.82
"01/31/1941",2839.68
"02/28/1941",2790.27
"03/31/1941",2787.65
"04/30/1941",2606.2
"05/31/1941",2593.03
"06/30/1941",2702.05
"07/31/1941",2826.03
"08/30/1941",2764.5
"09/30/1941",2709.09
"10/31/1941",2483.93
"11/29/1941",2392.61
"12/31/1941",2309.12
"01/31/1942",2241.7
"02/28/1942",2180.14
"03/31/1942",2006.53
"04/30/1942",1910.32
"05/29/1942",1996.32
"06/30/1942",2045
"07/31/1942",2079.34
"08/31/1942",2078.66
"09/30/1942",2133.01
"10/31/1942",2203.27
"11/30/1942",2198.41
"12/31/1942",2278.92
"01/30/1943",2396.88
"02/27/1943",2483.34
"03/31/1943",2561.17
"04/30/1943",2511.53
"05/29/1943",2618.46
"06/30/1943",2642.79
"07/31/1943",2520.24
"08/31/1943",2547.3
"09/30/1943",2597.54
"10/30/1943",2563.25
"11/30/1943",2401.97
"12/31/1943",2519.13
"01/31/1944",2547.12
"02/29/1944",2526.73
"03/31/1944",2573.81
"04/29/1944",2511
"05/31/1944",2621.78
"06/30/1944",2719.41
"07/31/1944",2662.68
"08/31/1944",2678.71
"09/30/1944",2673.98
"10/31/1944",2670.33
"11/30/1944",2684.91
"12/30/1944",2760.25
"01/31/1945",2784.72
"02/28/1945",2906.67
"03/31/1945",2798.13
"04/30/1945",2998.01
"05/31/1945",3032.79
"06/30/1945",2945.64
"07/31/1945",2902.69
"08/31/1945",3106.03
"09/29/1945",3238.26
"10/31/1945",3325.41
"11/30/1945",3412.02
"12/31/1945",3418.97
"01/31/1946",3627.39
"02/28/1946",3387.6
"03/30/1946",3520.85
"04/30/1946",3624.78
"05/31/1946",3701.26
"06/28/1946",3546.79
"07/31/1946",3283.61
"08/30/1946",3021.06
"09/30/1946",2726.27
"10/31/1946",2623.13
"11/30/1946",2571.4
"12/31/1946",2658.5
"01/31/1947",2707.11
"02/28/1947",2684.01
"03/31/1947",2609.95
"04/30/1947",2513.32
"05/29/1947",2492.85
"06/30/1947",2599.55
"07/31/1947",2661.56
"08/29/1947",2564
"09/30/1947",2489.19
"10/31/1947",2549.77
"11/29/1947",2505.08
"12/31/1947",2497.23
"01/31/1948",2382.46
"02/28/1948",2296.36
"03/31/1948",2442.64
"04/30/1948",2446.45
"05/28/1948",2574.28
"06/30/1948",2535.78
"07/30/1948",2397.13
"08/31/1948",2392.35
"09/30/1948",2347.45
"10/30/1948",2493.5
"11/30/1948",2281.92
"12/31/1948",2373.03
"01/31/1949",2407.38
"02/28/1949",2345.48
"03/31/1949",2400.23
"04/30/1949",2350.51
"05/31/1949",2281.78
"06/30/1949",2259.55
"07/29/1949",2394.3
"08/31/1949",2421.38
"09/30/1949",2463.21
"10/31/1949",2579.67
"11/30/1949",2596.07
"12/31/1949",2735.34
"01/31/1950",2769.77
"02/28/1950",2792.42
"03/31/1950",2816.26
"04/29/1950",2929.43
"05/31/1950",3040.78
"06/30/1950",2834.06
"07/31/1950",2802.67
"08/31/1950",2878.76
"09/29/1950",2992.41
"10/31/1950",2950.38
"11/30/1950",2972.26
"12/30/1950",3037.36
"01/31/1951",3159.95
"02/28/1951",3163.48
"03/31/1951",3099.84
"04/30/1951",3239.74
"05/31/1951",3109.16
"06/29/1951",3021.86
"07/31/1951",3211.41
"08/31/1951",3365.72
"09/28/1951",3351.17
"10/31/1951",3229.92
"11/30/1951",3192.25
"12/31/1951",3277.1
"01/31/1952",3294.87
"02/29/1952",3189.8
"03/31/1952",3304.84
"04/30/1952",3147.78
"05/29/1952",3212.66
"06/30/1952",3338.32
"07/31/1952",3377.35
"08/29/1952",3322.74
"09/30/1952",3269.22
"10/31/1952",3252.55
"11/28/1952",3426.88
"12/31/1952",3526.43
"01/30/1953",3513.85
"02/27/1953",3460.17
"03/31/1953",3393.8
"04/30/1953",3331.72
"05/29/1953",3289.4
"06/30/1953",3228.74
"07/31/1953",3314.43
"08/31/1953",3132.32
"09/30/1953",3166.13
"10/30/1953",3295.02
"11/30/1953",3373.94
"12/31/1953",3368.3
"01/29/1954",3506.08
"02/26/1954",3531.86
"03/31/1954",3639.42
"04/30/1954",3843.41
"05/28/1954",3926.97
"06/30/1954",3999.4
"07/30/1954",4171.95
"08/31/1954",4026.62
"09/30/1954",4338.45
"10/29/1954",4238.31
"11/30/1954",4655.11
"12/31/1954",4885.41
"01/31/1955",4939.05
"02/28/1955",4975.78
"03/31/1955",4949.56
"04/29/1955",5142.25
"05/31/1955",5132.71
"06/30/1955",5453.09
"07/29/1955",5606.9
"08/31/1955",5634.95
"09/30/1955",5595.29
"10/31/1955",5454.4
"11/30/1955",5794.83
"12/30/1955",5878.31
"01/31/1956",5665.76
"02/29/1956",5821.14
"03/29/1956",6159.83
"04/30/1956",6188.85
"05/31/1956",5711.12
"06/29/1956",5843.81
"07/31/1956",6095.81
"08/31/1956",5931.81
"09/28/1956",5594.79
"10/31/1956",5628.4
"11/30/1956",5545.47
"12/31/1956",5837.3
"01/31/1957",5599.94
"02/28/1957",5410.41
"03/29/1957",5509.18
"04/30/1957",5715.46
"05/31/1957",5816.81
"06/28/1957",5777.29
"07/31/1957",5796.07
"08/30/1957",5520.58
"09/30/1957",5200.87
"10/31/1957",5026.94
"11/29/1957",5109.53
"12/31/1957",4948.47
"01/31/1958",5075.49
"02/28/1958",4961.57
"03/31/1958",5003.73
"04/30/1958",5087.98
"05/29/1958",5164.32
"06/30/1958",5337.1
"07/31/1958",5594.65
"08/29/1958",5676.96
"09/30/1958",5938.81
"10/31/1958",6063.03
"11/28/1958",6200.51
"12/31/1958",6514.28
"01/30/1959",6606.49
"02/27/1959",6735.83
"03/31/1959",6715.85
"04/30/1959",6937.84
"05/29/1959",7160.74
"06/30/1959",7134.03
"07/31/1959",7455.14
"08/31/1959",7339.48
"09/30/1959",6954.11
"10/30/1959",7094.15
"11/30/1959",7232.17
"12/31/1959",7453.57
"01/29/1960",6854.37
"02/29/1960",6913.34
"03/31/1960",6764.89
"04/29/1960",6579.15
"05/31/1960",6839.39
"06/30/1960",6981.05
"07/29/1960",6720.71
"08/31/1960",6821.62
"09/30/1960",6321.98
"10/31/1960",6281.93
"11/30/1960",6464.43
"12/30/1960",6666.51
"01/31/1961",7016.24
"02/28/1961",7166.48
"03/30/1961",7323.97
"04/28/1961",7346.49
"05/31/1961",7541.43
"06/30/1961",7403.32
"07/31/1961",7584.16
"08/31/1961",7766.71
"09/29/1961",7539.43
"10/31/1961",7568.57
"11/30/1961",7758.67
"12/29/1961",7861.24
"01/31/1962",7526.42
"02/28/1962",7587.68
"03/30/1962",7575.9
"04/30/1962",7106.28
"05/31/1962",6551.19
"06/29/1962",5994.94
"07/31/1962",6365.31
"08/31/1962",6485.07
"09/28/1962",6143.3
"10/31/1962",6257.79
"11/30/1962",6889.44
"12/31/1962",6919.15
"01/31/1963",7245.42
"02/28/1963",7034.16
"03/29/1963",7218.17
"04/30/1963",7590.23
"05/31/1963",7688.16
"06/28/1963",7451.37
"07/31/1963",7306.79
"08/30/1963",7662.87
"09/30/1963",7699.33
"10/31/1963",7909.34
"11/29/1963",7860.02
"12/31/1963",7964.33
"01/31/1964",8198.06
"02/28/1964",8352.56
"03/31/1964",8489.83
"04/30/1964",8463.52
"05/28/1964",8565.72
"06/30/1964",8651.92
"07/31/1964",8723.67
"08/31/1964",8724.55
"09/30/1964",9079.11
"10/30/1964",9055.36
"11/30/1964",9050.63
"12/31/1964",9037.19
"01/29/1965",9334.21
"02/26/1965",9340.62
"03/31/1965",9162.07
"04/30/1965",9474.56
"05/28/1965",9430.7
"06/30/1965",8860.53
"07/30/1965",9000.47
"08/31/1965",9116.43
"09/30/1965",9499.01
"10/29/1965",9776.75
"11/30/1965",9633.18
"12/31/1965",9831.62
"01/31/1966",9976.16
"02/28/1966",9595.08
"03/31/1966",9292.67
"04/29/1966",9324.11
"05/31/1966",8828.68
"06/30/1966",8662.36
"07/29/1966",8410.21
"08/31/1966",7777.07
"09/30/1966",7637.1
"10/31/1966",7912.74
"11/30/1966",7760.97
"12/30/1966",7703.13
"01/31/1967",8332.56
"02/28/1967",8229.42
"03/31/1967",8464.59
"04/28/1967",8741.79
"05/31/1967",8283.21
"06/30/1967",8332.92
"07/31/1967",8732.71
"08/31/1967",8678.24
"09/29/1967",8895.96
"10/31/1967",8420.47
"11/30/1967",8358.05
"12/29/1967",8612.19
"01/31/1968",8092.12
"02/29/1968",7927.27
"03/29/1968",7905.75
"04/30/1968",8553.68
"05/31/1968",8405.29
"06/28/1968",8345.68
"07/30/1968",8161.07
"08/30/1968",8257.65
"09/30/1968",8599.7
"10/31/1968",8702.66
"11/29/1968",8975.94
"12/31/1968",8575.13
"01/31/1969",8571.88
"02/28/1969",8156.02
"03/28/1969",8358.71
"04/30/1969",8443.28
"05/29/1969",8308.25
"06/30/1969",7695.55
"07/31/1969",7147.79
"08/29/1969",7294.41
"09/30/1969",7069.3
"10/31/1969",7402.39
"11/28/1969",6987.1
"12/31/1969",6847.88
"01/30/1970",6349.33
"02/27/1970",6600.53
"03/31/1970",6633.36
"04/30/1970",6166.95
"05/29/1970",5853.23
"06/30/1970",5682.48
"07/31/1970",6071.76
"08/31/1970",6323.68
"09/30/1970",6259.33
"10/30/1970",6186.05
"11/30/1970",6468.24
"12/31/1970",6799.07
"01/29/1971",7038.8
"02/26/1971",7104.67
"03/31/1971",7292.86
"04/30/1971",7575.36
"05/28/1971",7266.11
"06/30/1971",7079.98
"07/30/1971",6803.34
"08/31/1971",7100.06
"09/30/1971",7014.04
"10/29/1971",6616.84
"11/30/1971",6556.43
"12/31/1971",6986.47
"01/31/1972",7080.41
"02/29/1972",7248.88
"03/30/1972",7329.3
"04/28/1972",7416.34
"05/31/1972",7449.3
"06/30/1972",7186.3
"07/31/1972",7118.98
"08/31/1972",7401.47
"09/29/1972",7303.75
"10/31/1972",7286.37
"11/30/1972",7746.1
"12/29/1972",7741.62
"01/31/1973",7564.43
"02/28/1973",7181.08
"03/30/1973",7084.5
"04/30/1973",6816.91
"05/31/1973",6623.23
"06/29/1973",6507.49
"07/31/1973",6745.38
"08/31/1973",6348.01
"09/28/1973",6758.79
"10/31/1973",6766.57
"11/30/1973",5778.34
"12/31/1973",5940.57
"01/31/1974",5922.04
"02/28/1974",5880.79
"03/29/1974",5713.51
"04/30/1974",5622.98
"05/31/1974",5324.05
"06/28/1974",5282.17
"07/31/1974",4945.7
"08/30/1974",4377.67
"09/30/1974",3875
"10/31/1974",4200.99
"11/29/1974",3874.87
"12/31/1974",3829.96
"01/31/1975",4356.68
"02/28/1975",4540.74
"03/31/1975",4701.62
"04/30/1975",5008.17
"05/30/1975",5046.32
"06/30/1975",5289.7
"07/31/1975",4948.57
"08/29/1975",4962.21
"09/30/1975",4690.01
"10/31/1975",4912.09
"11/28/1975",5020.23
"12/31/1975",4954.13
"01/30/1976",5658.04
"02/27/1976",5622.33
"03/31/1976",5767.15
"04/30/1976",5731.64
"05/28/1976",5567.63
"06/30/1976",5694.68
"07/30/1976",5562.28
"08/31/1976",5471.96
"09/30/1976",5545.08
"10/29/1976",5375.63
"11/30/1976",5267.87
"12/31/1976",5568.06
"01/31/1977",5262.27
"02/28/1977",5110.87
"03/31/1977",4982.78
"04/29/1977",4983.03
"05/31/1977",4807.18
"06/30/1977",4869.24
"07/29/1977",4706.59
"08/31/1977",4540.57
"09/30/1977",4450.24
"10/31/1977",4285.19
"11/30/1977",4323.57
"12/30/1977",4317.28
"01/31/1978",3973.54
"02/28/1978",3805.71
"03/31/1978",3853.23
"04/28/1978",4226.71
"05/31/1978",4203.84
"06/30/1978",4051.55
"07/31/1978",4233.4
"08/31/1978",4285.27
"09/29/1978",4199.7
"10/31/1978",3809.44
"11/30/1978",3823.98
"12/29/1978",3835.52
"01/31/1979",3963.39
"02/28/1979",3775.6
"03/30/1979",3984.32
"04/30/1979",3905.91
"05/31/1979",3709.81
"06/29/1979",3756.43
"07/31/1979",3734.91
"08/31/1979",3879.6
"09/28/1979",3798.87
"10/31/1979",3498.84
"11/30/1979",3494.84
"12/31/1979",3527.31
"01/31/1980",3631.3
"02/29/1980",3528.71
"03/31/1980",3164.2
"04/30/1980",3253.72
"05/30/1980",3355.15
"06/30/1980",3385.21
"07/31/1980",3648.1
"08/29/1980",3611.25
"09/30/1980",3580.5
"10/31/1980",3516.56
"11/28/1980",3747.52
"12/31/1980",3603.08
"01/30/1981",3512.1
"02/27/1981",3576.35
"03/31/1981",3658.86
"04/30/1981",3612.07
"05/29/1981",3562.36
"06/30/1981",3477.96
"07/31/1981",3353.58
"08/31/1981",3080.48
"09/30/1981",2941.74
"10/30/1981",2944.32
"11/30/1981",3060.3
"12/31/1981",3002.56
"01/29/1982",2979.67
"02/26/1982",2810.95
"03/31/1982",2808.4
"04/30/1982",2883.54
"05/28/1982",2759.41
"06/30/1982",2699.97
"07/30/1982",2675.11
"08/31/1982",2975.72
"09/30/1982",2952.97
"10/29/1982",3257.54
"11/30/1982",3420.73
"12/31/1982",3458.74
"01/31/1983",3547.84
"02/28/1983",3665.86
"03/31/1983",3723.22
"04/29/1983",4011.4
"05/31/1983",3901.88
"06/30/1983",3961.37
"07/29/1983",3872.09
"08/31/1983",3915.03
"09/30/1983",3949.95
"10/31/1983",3912.89
"11/30/1983",4067.14
"12/30/1983",4007.78
"01/31/1984",3863.7
"02/29/1984",3637.1
"03/30/1984",3662.26
"04/30/1984",3662.84
"05/31/1984",3446.63
"06/29/1984",3522.35
"07/31/1984",3455.77
"08/31/1984",3779.3
"09/28/1984",3707.02
"10/31/1984",3698.52
"11/30/1984",3642.03
"12/31/1984",3711.35
"01/31/1985",3934.24
"02/28/1985",3907.28
"03/29/1985",3840.36
"04/30/1985",3796.08
"05/31/1985",3954.33
"06/28/1985",4003.41
"07/31/1985",4031.86
"08/30/1985",3984.26
"09/30/1985",3957.2
"10/31/1985",4078.19
"11/29/1985",4356.44
"12/31/1985",4564.46
"01/31/1986",4623.54
"02/28/1986",5043.7
"03/31/1986",5391.66
"04/30/1986",5298.73
"05/30/1986",5558.8
"06/30/1986",5575.5
"07/31/1986",5229.64
"08/29/1986",5581.86
"09/30/1986",5173.8
"10/31/1986",5491.17
"11/28/1986",5592.9
"12/31/1986",5534.48
"01/30/1987",6259.89
"02/27/1987",6428.07
"03/31/1987",6631.61
"04/30/1987",6543.84
"05/29/1987",6535.55
"06/30/1987",6873.33
"07/31/1987",7290.42
"08/31/1987",7508.42
"09/30/1987",7282.25
"10/30/1987",5577.06
"11/30/1987",5125.06
"12/31/1987",5419.33
"01/29/1988",5459.34
"02/29/1988",5760.55
"03/31/1988",5504.47
"04/29/1988",5598.21
"05/31/1988",5575.83
"06/30/1988",5854.51
"07/29/1988",5794.47
"08/31/1988",5506.98
"09/30/1988",5689
"10/31/1988",5765.98
"11/30/1988",5669.65
"12/30/1988",5804.95
"01/31/1989",6238.98
"02/28/1989",5990.7
"03/31/1989",6049.32
"04/28/1989",6338.02
"05/31/1989",6462.03
"06/30/1989",6342.21
"07/31/1989",6898.92
"08/31/1989",7086.17
"09/29/1989",6948.79
"10/31/1989",6792.99
"11/30/1989",6933.58
"12/29/1989",7042.62
"01/31/1990",6558.93
"02/28/1990",6620.69
"03/30/1990",6785.08
"04/30/1990",6648.31
"05/31/1990",7181.88
"06/29/1990",7153.18
"07/31/1990",7186.38
"08/31/1990",6407.98
"09/28/1990",5961.37
"10/31/1990",5901.13
"11/30/1990",6170.73
"12/31/1990",6349.15
"01/31/1991",6557.6
"02/28/1991",6896.73
"03/28/1991",6962.2
"04/30/1991",6889.9
"05/31/1991",7201.72
"06/28/1991",6894.15
"07/31/1991",7163.65
"08/30/1991",7187.02
"09/30/1991",7092.51
"10/31/1991",7205.04
"11/29/1991",6775.84
"12/31/1991",7412.19
"01/31/1992",7528.91
"02/28/1992",7604.85
"03/31/1992",7492.08
"04/30/1992",7767.13
"05/29/1992",7843.29
"06/30/1992",7634.94
"07/31/1992",7791.51
"08/31/1992",7457.13
"09/30/1992",7468.67
"10/30/1992",7339.06
"11/30/1992",7507.95
"12/31/1992",7503.94
"01/29/1993",7487.22
"02/26/1993",7598.13
"03/31/1993",7716.1
"04/30/1993",7677.74
"05/28/1993",7890.51
"06/30/1993",7854.23
"07/30/1993",7906.47
"08/31/1993",8133.64
"09/30/1993",7903.12
"10/29/1993",8148.35
"11/30/1993",8150.2
"12/31/1993",8305.37
"01/31/1994",8777.45
"02/28/1994",8425.77
"03/31/1994",7967.52
"04/29/1994",8056.78
"05/31/1994",8219.01
"06/30/1994",7900.48
"07/29/1994",8182.49
"08/31/1994",8471.92
"09/30/1994",8297.61
"10/31/1994",8432.15
"11/30/1994",8056.98
"12/30/1994",8262.13
"01/31/1995",8249.36
"02/28/1995",8573.94
"03/31/1995",8858.05
"04/28/1995",9176.26
"05/31/1995",9463.08
"06/30/1995",9636.85
"07/31/1995",9959.14
"08/31/1995",9726.53
"09/29/1995",10083.36
"10/31/1995",9980.04
"11/30/1995",10656.46
"12/29/1995",10752.99
"01/31/1996",11271.46
"02/29/1996",11423.16
"03/29/1996",11574.78
"04/30/1996",11493.08
"05/31/1996",11623.69
"06/28/1996",11639.84
"07/31/1996",11359.3
"08/30/1996",11516.66
"09/30/1996",12023.82
"10/31/1996",12285.8
"11/29/1996",13263.85
"12/31/1996",13114.5
"01/31/1997",13812.93
"02/28/1997",13900.32
"03/31/1997",13272.34
"04/30/1997",14112.55
"05/30/1997",14770.11
"06/30/1997",15439.46
"07/31/1997",16525.17
"08/29/1997",15290.35
"09/30/1997",15898.54
"10/31/1997",14854.77
"11/28/1997",15624.93
"12/31/1997",15814.69
"01/30/1998",15781.74
"02/27/1998",17026.04
"03/31/1998",17499.85
"04/30/1998",17990.71
"05/29/1998",17633.76
"06/30/1998",17715.17
"07/31/1998",17557.62
"08/31/1998",14882.56
"09/30/1998",15462.86
"10/30/1998",16899.25
"11/30/1998",17930.75
"12/31/1998",18069.38
"01/29/1999",18373.67
"02/26/1999",18248.87
"03/31/1999",19131.11
"04/30/1999",20939.37
"05/28/1999",20494.35
"06/30/1999",21292.13
"07/30/1999",20617.49
"08/31/1999",20904.27
"09/30/1999",19858.83
"10/29/1999",20576.9
"11/30/1999",20848.23
"12/31/1999",22035.19
"01/31/2000",20906.33
"02/29/2000",19240.27
"03/31/2000",20578.19
"04/28/2000",20212.15
"05/31/2000",19790.63
"06/30/2000",19548.04
"07/31/2000",19641.09
"08/31/2000",20934.92
"09/29/2000",19778.76
"10/31/2000",20338.29
"11/30/2000",19295.28
"12/29/2000",19998.76
"01/31/2001",20056.18
"02/28/2001",19256.93
"03/30/2001",18084.61
"04/30/2001",19574.24
"05/31/2001",19807.35
"06/29/2001",19031.82
"07/31/2001",19122.52
"08/31/2001",18081.13
"09/28/2001",16006.04
"10/31/2001",16473.19
"11/30/2001",17912.79
"12/31/2001",18294.1
"01/31/2002",18067.79
"02/28/2002",18334.33
"03/28/2002",18769.05
"04/30/2002",17843.51
"05/31/2002",17805.89
"06/28/2002",16573.18
"07/31/2002",15647.32
"08/30/2002",15464.9
"09/30/2002",13529.62
"10/31/2002",14939.63
"11/29/2002",15827.53
"12/31/2002",14873.88
"01/31/2003",14297.44
"02/28/2003",13901.45
"03/31/2003",13995.38
"04/30/2003",14882.19
"05/30/2003",15557.21
"06/30/2003",15777.64
"07/31/2003",16196.11
"08/29/2003",16452.74
"09/30/2003",16154.28
"10/31/2003",17088.97
"11/28/2003",17102.66
"12/31/2003",18296.4
"01/30/2004",18266.97
"02/27/2004",18334.91
"03/31/2004",17828.12
"04/30/2004",17544.52
"05/28/2004",17379.15
"06/30/2004",17744.22
"07/30/2004",17268.61
"08/31/2004",17317.73
"09/30/2004",17122.18
"10/29/2004",16943.27
"11/30/2004",17610.85
"12/31/2004",18277.34
"01/31/2005",17743.29
"02/28/2005",18106.18
"03/31/2005",17527.69
"04/29/2005",16894.69
"05/31/2005",17368.32
"06/30/2005",17040.13
"07/29/2005",17565.72
"08/31/2005",17214.64
"09/30/2005",17148.14
"10/31/2005",16905.42
"11/30/2005",17639.43
"12/30/2005",17566.3
"01/31/2006",17673.12
"02/28/2006",17846.23
"03/31/2006",17935.1
"04/28/2006",18196.51
"05/31/2006",17789.93
"06/30/2006",17726.1
"07/31/2006",17730.04
"08/31/2006",18004.49
"09/29/2006",18566.84
"10/31/2006",19310.07
"11/30/2006",19564.85
"12/29/2006",19921.34
"01/31/2007",20113.36
"02/28/2007",19446.69
"03/30/2007",19405.86
"04/30/2007",20386.41
"05/31/2007",21138.57
"06/29/2007",20758.61
"07/31/2007",20459.4
"08/31/2007",20723.11
"09/28/2007",21498.34
"10/31/2007",21505.52
"11/30/2007",20521.73
"12/31/2007",20371.33
"01/31/2008",19331.59
"02/29/2008",18690.55
"03/31/2008",18524.64
"04/30/2008",19249.68
"05/30/2008",18818.22
"06/30/2008",16731.35
"07/31/2008",16685.03
"08/29/2008",16996.21
"09/30/2008",15997.59
"10/31/2008",13888.55
"11/28/2008",13406.63
"12/31/2008",13465.96
"01/30/2009",12222.83
"02/27/2009",10736.57
"03/31/2009",11538.49
"04/30/2009",12355.64
"05/29/2009",12821.13
"06/30/2009",12632.18
"07/31/2009",13737.59
"08/31/2009",14192.06
"09/30/2009",14505.8
"10/30/2009",14492.51
"11/30/2009",15424.78
"12/31/2009",15576.28
"01/29/2010",14986.26
"02/26/2010",15366.39
"03/31/2010",16091.11
"04/30/2010",16288.08
"05/28/2010",14986.3
"06/30/2010",14464.33
"07/30/2010",15485.02
"08/31/2010",14796.98
"09/30/2010",15930.32
"10/29/2010",16397.85
"11/30/2010",16225.16
"12/31/2010",17038.37
"01/31/2011",17418.13
"02/28/2011",17820.06
"03/31/2011",17782.78
"04/29/2011",18372.92
"05/31/2011",17943.23
"06/30/2011",17740.33
"07/29/2011",17337.56
"08/31/2011",16535.66
"09/30/2011",15515.21
"10/31/2011",17031.19
"11/30/2011",17174.85
"12/30/2011",17462.99
"01/31/2012",17977.56
"02/29/2012",18350.95
"03/30/2012",18578.19
"04/30/2012",18524.47
"05/31/2012",17395.05
"06/29/2012",18104.63
"07/31/2012",18315.23
"08/31/2012",18328.9
"09/28/2012",18730.18
"10/31/2012",18262.42
"11/30/2012",18250.05
"12/31/2012",18409.7
"01/31/2013",19414.98
"02/28/2013",19526.68
"03/28/2013",20201.95
"04/30/2013",20585.39
"05/31/2013",20930.66
"06/28/2013",20596.03
"07/31/2013",21402.54
"08/30/2013",20426.24
"09/30/2013",20842.46
"10/31/2013",21470.94
"11/29/2013",22263.14
"12/31/2013",22943.6
"01/31/2014",21648.1
"02/28/2014",22424.08
"03/31/2014",22466.17
"04/30/2014",22559.95
"05/30/2014",22666.28
"06/30/2014",22772.24
"07/31/2014",22424.66
"08/29/2014",23187.92
"09/30/2014",23095.21
"10/31/2014",23625.63
"11/28/2014",24351.77
"12/31/2014",24483.53
"01/30/2015",23690.96
"02/27/2015",24918.42
"03/31/2015",24283.87
"04/30/2015",24322.4
"05/29/2015",24429.86
"06/30/2015",23815.85
"07/31/2015",23909.34
"08/31/2015",22370.71
"09/30/2015",22075.73
"10/30/2015",23955.67
"11/30/2015",24082.97
"12/31/2015",23763.39
"01/29/2016",22418.86
"02/29/2016",22468.71
"03/31/2016",23955.29
"04/29/2016",23961.63
"05/31/2016",23883.28
"06/30/2016",23996.2
"07/29/2016",24708.35
"08/31/2016",24643.68
"09/30/2016",24460.69
"10/31/2016",24209.08
"11/30/2016",25558.09
"12/30/2016",26403.48
"01/31/2017",26385.3
"02/28/2017",27558.02
"03/31/2017",27338.48
"04/28/2017",27623.43
"05/31/2017",27689.65
"06/30/2017",28113.56
"07/31/2017",28846.51
"08/31/2017",28835.25
"09/29/2017",29280.6
"10/31/2017",30570.4
"11/30/2017",31740.16
"12/29/2017",32343.53
"01/31/2018",34029.43
"02/28/2018",32424.64
"03/29/2018",31154.47
"04/30/2018",31108.42
"05/31/2018",31303.55
"06/29/2018",31068.86
"07/31/2018",32530.77
"08/31/2018",33215.83
"09/28/2018",33807.85
"10/31/2018",32035.77
"11/30/2018",32684.4
"12/31/2018",29950.4
"01/31/2019",32036.29
"02/28/2019",33070.75
"03/29/2019",32901.32
"04/30/2019",33566.44
"05/31/2019",31255.81
"06/28/2019",33497.34
"07/31/2019",33773.75
"08/30/2019",33195.88
"09/30/2019",33815.05
"10/31/2019",33900.12
"11/29/2019",35178.89
"12/31/2019",35822.25
"01/31/2020",35330.69
"02/28/2020",31684.44
"03/31/2020",27389.42
"04/30/2020",30629.16
"05/29/2020",31933.67
"06/30/2020",32297.62
"07/31/2020",32901.24
"08/31/2020",35281.99
"09/30/2020",34429.43
"10/30/2020",32829.4
"11/30/2020",36737.91
"12/31/2020",37901.89
"01/29/2021",36972.05
"02/26/2021",37935.53
"03/31/2021",40164.16
"04/30/2021",40915.72
"05/28/2021",41374.67
"06/30/2021",40961.83
"07/30/2021",41277.28
"08/31/2021",41693.6
"09/30/2021",39797.05
"10/29/2021",41773.15
"11/30/2021",40018.65
"12/31/2021",42041.73
"01/31/2022",40306.77
"02/28/2022",38533.01
"03/31/2022",38906.88
"04/29/2022",36792.91
"05/31/2022",36405.99
"06/30/2022",33501.81
"07/29/2022",35759.08
"08/31/2022",34318.13
"09/30/2022",31217.92
"10/31/2022",35429.36
"11/30/2022",37476.99
"12/31/2022",36024.66
"01/31/2023",36751.1
"02/28/2023",35014.55
"03/31/2023",35558.86
"04/28/2023",36256.03
"05/31/2023",34902.93
"06/30/2023",36375.69
"07/31/2023",37521.93
"08/31/2023",36478.78
"09/29/2023",35115.66
"10/31/2023",34652.49
"11/30/2023",37766.87
"12/29/2023",39632.71
"01/31/2024",39899.87
"02/29/2024",40533.87
"03/28/2024",41111.08
"04/30/2024",38902.95
"05/31/2024",39732.35
"06/28/2024",40163.03
"07/31/2024",41884.31
"08/30/2024",42588.31
"09/30/2024",43304.83
"10/31/2024",42675.96
"11/29/2024",45916.78
"12/31/2024",43481.9
"01/31/2025",45230.35
"02/28/2025",44318.91
"03/31/2025",42364.52
"04/30/2025",40893.25
"05/30/2025",42414.19
"06/30/2025",44094.77
"07/31/2025",44064.45
"08/29/2025",45345.96
"09/30/2025",46195.24
"10/10/2025",45411.04